id,ans
1,4
2,3
3,0
4,4
5,0
6,5
7,2
8,3
9,3
10,0
11,3
12,2
13,4
14,5
15,0
16,0
17,2
18,0
19,1
20,3
21,0
22,3
23,5
24,4
25,4
26,5
27,5
28,4
29,3
30,2
31,5
32,2
33,1
34,1
35,3
36,1
37,1
38,2
39,2
40,5
41,4
42,2
43,2
44,5
45,4
46,3
47,4
48,3
49,1
50,3
51,2
52,4
53,5
54,1
55,2
56,1
57,5
58,3
59,1
60,0
61,0
62,3
63,2
64,2
65,0
66,0
67,2
68,2
69,0
70,0
71,5
72,1
73,0
74,3
75,0
76,4
77,2
78,5
79,5
80,4
81,1
82,4
83,5
84,5
85,1
86,2
87,1
88,0
89,5
90,4
91,5
92,1
93,0
94,5
95,4
96,0
97,1
98,2
99,5
100,5
101,0
102,1
103,5
104,2
105,0
106,0
107,1
108,4
109,0
110,0
111,5
112,5
113,1
114,3
115,4
116,0
117,2
118,2
119,0
120,1
121,1
122,2
123,1
124,4
125,1
126,1
127,1
128,4
129,0
130,5
131,1
132,0
133,4
134,4
135,0
136,3
137,2
138,2
139,1
140,0
141,2
142,4
143,0
144,5
145,4
146,2
147,4
148,5
149,0
150,4
151,0
152,0
153,3
154,5
155,0
156,5
157,0
158,5
159,1
160,3
161,0
162,1
163,0
164,2
165,2
166,2
167,1
168,1
169,0
170,0
171,0
172,5
173,0
174,4
175,4
176,5
177,0
178,2
179,4
180,3
181,5
182,2
183,3
184,2
185,0
186,5
187,0
188,5
189,3
190,4
191,3
192,5
193,0
194,3
195,1
196,0
197,1
198,4
199,0
200,5
201,5
202,2
203,5
204,5
205,5
206,0
207,4
208,5
209,3
210,3
211,0
212,2
213,5
214,3
215,4
216,0
217,3
218,2
219,5
220,4
221,2
222,1
223,5
224,2
225,4
226,5
227,1
228,5
229,4
230,1
231,2
232,2
233,0
234,4
235,3
236,5
237,5
238,5
239,0
240,1
241,1
242,0
243,5
244,2
245,3
246,1
247,1
248,5
249,2
250,0
251,1
252,2
253,3
254,1
255,0
256,0
257,1
258,1
259,4
260,1
261,2
262,2
263,1
264,3
265,1
266,1
267,4
268,0
269,2
270,5
271,4
272,1
273,1
274,1
275,4
276,5
277,2
278,2
279,1
280,0
281,0
282,1
283,5
284,5
285,2
286,5
287,3
288,4
289,4
290,3
291,5
292,2
293,4
294,2
295,3
296,2
297,2
298,4
299,2
300,0
301,1
302,2
303,1
304,2
305,3
306,2
307,4
308,1
309,5
310,0
311,4
312,1
313,0
314,3
315,5
316,4
317,0
318,2
319,0
320,0
321,4
322,1
323,2
324,3
325,4
326,1
327,2
328,5
329,2
330,1
331,3
332,3
333,0
334,3
335,0
336,3
337,3
338,3
339,1
340,1
341,3
342,4
343,5
344,0
345,2
346,2
347,4
348,5
349,1
350,0
351,2
352,2
353,3
354,4
355,3
356,3
357,2
358,5
359,4
360,2
361,0
362,2
363,5
364,0
365,2
366,5
367,2
368,5
369,0
370,2
371,4
372,5
373,1
374,0
375,3
376,3
377,1
378,0
379,0
380,2
381,2
382,0
383,5
384,2
385,1
386,4
387,0
388,3
389,5
390,1
391,0
392,0
393,3
394,0
395,4
396,2
397,5
398,2
399,1
400,0
401,0
402,2
403,1
404,3
405,1
406,1
407,3
408,2
409,2
410,0
411,5
412,0
413,5
414,2
415,3
416,4
417,1
418,5
419,1
420,5
421,3
422,1
423,0
424,1
425,4
426,1
427,0
428,2
429,2
430,4
431,0
432,2
433,5
434,5
435,1
436,4
437,2
438,4
439,1
440,0
441,1
442,5
443,0
444,0
445,0
446,1
447,2
448,5
449,2
450,3
451,3
452,0
453,4
454,3
455,0
456,1
457,5
458,2
459,5
460,2
461,2
462,5
463,0
464,4
465,5
466,3
467,3
468,0
469,1
470,5
471,4
472,3
473,4
474,2
475,0
476,2
477,0
478,1
479,4
480,0
481,3
482,1
483,2
484,5
485,5
486,1
487,1
488,0
489,5
490,4
491,3
492,4
493,0
494,5
495,2
496,3
497,4
498,0
499,1
500,4
501,0
502,2
503,4
504,2
505,1
506,2
507,2
508,1
509,2
510,5
511,1
512,1
513,5
514,2
515,3
516,5
517,2
518,4
519,4
520,4
521,3
522,4
523,1
524,2
525,4
526,1
527,5
528,0
529,4
530,5
531,2
532,5
533,2
534,0
535,1
536,2
537,3
538,2
539,0
540,5
541,3
542,1
543,2
544,1
545,3
546,3
547,5
548,3
549,4
550,5
551,4
552,5
553,0
554,5
555,1
556,1
557,0
558,1
559,5
560,2
561,3
562,0
563,2
564,0
565,1
566,5
567,2
568,3
569,5
570,0
571,5
572,2
573,4
574,4
575,1
576,5
577,3
578,1
579,3
580,0
581,1
582,1
583,0
584,0
585,2
586,0
587,0
588,3
589,2
590,5
591,2
592,0
593,0
594,4
595,0
596,5
597,2
598,4
599,4
600,3
601,5
602,0
603,5
604,1
605,2
606,4
607,0
608,1
609,1
610,3
611,3
612,0
613,0
614,2
615,5
616,4
617,1
618,4
619,5
620,0
621,4
622,0
623,2
624,0
625,3
626,5
627,1
628,0
629,2
630,3
631,1
632,0
633,5
634,0
635,3
636,0
637,0
638,3
639,0
640,2
641,0
642,1
643,5
644,5
645,0
646,2
647,1
648,4
649,5
650,2
651,1
652,0
653,5
654,0
655,0
656,2
657,0
658,5
659,0
660,1
661,0
662,1
663,3
664,3
665,1
666,4
667,4
668,2
669,1
670,0
671,1
672,2
673,1
674,0
675,4
676,2
677,3
678,3
679,4
680,4
681,2
682,0
683,3
684,5
685,3
686,3
687,1
688,5
689,4
690,0
691,5
692,5
693,4
694,5
695,0
696,3
697,1
698,0
699,3
700,4
701,2
702,3
703,0
704,2
705,3
706,0
707,0
708,3
709,4
710,0
711,4
712,4
713,2
714,3
715,4
716,0
717,1
718,2
719,3
720,4
721,1
722,1
723,5
724,0
725,0
726,2
727,5
728,5
729,0
730,5
731,5
732,4
733,5
734,3
735,1
736,4
737,5
738,5
739,3
740,0
741,5
742,1
743,2
744,4
745,5
746,4
747,1
748,2
749,3
750,4
751,2
752,0
753,4
754,5
755,4
756,4
757,5
758,0
759,0
760,0
761,4
762,2
763,0
764,2
765,0
766,4
767,0
768,3
769,0
770,0
771,1
772,1
773,4
774,2
775,1
776,2
777,2
778,2
779,0
780,3
781,3
782,4
783,3
784,0
785,2
786,4
787,4
788,5
789,2
790,0
791,1
792,2
793,5
794,2
795,2
796,1
797,1
798,5
799,4
800,5
801,2
802,3
803,5
804,1
805,3
806,1
807,3
808,0
809,0
810,2
811,1
812,3
813,0
814,2
815,4
816,3
817,4
818,5
819,1
820,2
821,1
822,3
823,0
824,1
825,0
826,4
827,2
828,1
829,0
830,1
831,0
832,3
833,3
834,2
835,5
836,4
837,2
838,4
839,5
840,2
841,1
842,3
843,2
844,1
845,2
846,1
847,4
848,4
849,1
850,5
851,3
852,2
853,0
854,3
855,0
856,4
857,3
858,4
859,4
860,5
861,0
862,1
863,4
864,0
865,0
866,1
867,4
868,2
869,1
870,1
871,3
872,4
873,0
874,2
875,0
876,3
877,4
878,4
879,0
880,1
881,4
882,2
883,3
884,4
885,1
886,2
887,1
888,5
889,3
890,4
891,3
892,2
893,0
894,1
895,4
896,3
897,1
898,5
899,2
900,5
901,0
902,3
903,2
904,5
905,5
906,2
907,4
908,3
909,3
910,0
911,0
912,4
913,0
914,1
915,5
916,1
917,3
918,4
919,0
920,5
921,3
922,5
923,4
924,2
925,0
926,4
927,4
928,2
929,0
930,3
931,0
932,3
933,0
934,0
935,0
936,0
937,5
938,0
939,4
940,0
941,5
942,5
943,0
944,0
945,0
946,0
947,4
948,5
949,0
950,0
951,1
952,2
953,4
954,2
955,4
956,4
957,1
958,4
959,4
960,0
961,4
962,4
963,2
964,1
965,5
966,0
967,3
968,1
969,1
970,0
971,0
972,0
973,0
974,2
975,4
976,4
977,5
978,2
979,5
980,4
981,3
982,0
983,3
984,0
985,5
986,0
987,0
988,5
989,0
990,0
991,1
992,4
993,0
994,2
995,4
996,5
997,0
998,3
999,4
1000,5
1001,0
1002,4
1003,4
1004,3
1005,0
1006,0
1007,2
1008,0
1009,2
1010,4
1011,0
1012,1
1013,0
1014,0
1015,3
1016,2
1017,0
1018,0
1019,0
1020,0
1021,3
1022,2
1023,0
1024,5
1025,0
1026,2
1027,4
1028,5
1029,4
1030,1
1031,1
1032,3
1033,4
1034,2
1035,0
1036,4
1037,4
1038,4
1039,4
1040,0
1041,4
1042,2
1043,2
1044,5
1045,2
1046,2
1047,0
1048,3
1049,4
1050,5
1051,0
1052,0
1053,2
1054,5
1055,0
1056,0
1057,1
1058,2
1059,2
1060,0
1061,3
1062,4
1063,4
1064,0
1065,0
1066,0
1067,0
1068,5
1069,3
1070,2
1071,0
1072,0
1073,0
1074,0
1075,0
1076,3
1077,0
1078,0
1079,5
1080,0
1081,0
1082,0
1083,0
1084,0
1085,0
1086,4
1087,0
1088,2
1089,3
1090,3
1091,0
1092,0
1093,5
1094,0
1095,0
1096,4
1097,2
1098,0
1099,2
1100,2
1101,2
1102,3
1103,3
1104,1
1105,4
1106,5
1107,2
1108,2
1109,3
1110,3
1111,1
1112,1
1113,2
1114,4
1115,3
1116,4
1117,0
1118,1
1119,3
1120,2
1121,4
1122,4
1123,0
1124,3
1125,2
1126,2
1127,0
1128,4
1129,4
1130,0
1131,4
1132,3
1133,1
1134,1
1135,3
1136,1
1137,2
1138,5
1139,2
1140,5
1141,3
1142,3
1143,2
1144,5
1145,2
1146,5
1147,5
1148,1
1149,0
1150,1
1151,3
1152,4
1153,3
1154,2
1155,5
1156,2
1157,3
1158,4
1159,1
1160,2
1161,0
1162,2
1163,2
1164,5
1165,4
1166,5
1167,3
1168,1
1169,2
1170,5
1171,1
1172,0
1173,5
1174,1
1175,5
1176,3
1177,5
1178,4
1179,0
1180,2
1181,1
1182,5
1183,2
1184,4
1185,0
1186,0
1187,4
1188,4
1189,0
1190,0
1191,4
1192,3
1193,0
1194,2
1195,5
1196,5
1197,1
1198,2
1199,1
1200,3
1201,5
1202,0
1203,1
1204,3
1205,4
1206,1
1207,5
1208,4
1209,4
1210,4
1211,5
1212,1
1213,4
1214,5
1215,1
1216,0
1217,5
1218,4
1219,2
1220,5
1221,0
1222,0
1223,4
1224,2
1225,1
1226,2
1227,3
1228,1
1229,0
1230,0
1231,0
1232,0
1233,4
1234,4
1235,3
1236,4
1237,2
1238,5
1239,0
1240,1
1241,0
1242,1
1243,5
1244,2
1245,2
1246,5
1247,2
1248,2
1249,5
1250,1
1251,0
1252,1
1253,3
1254,0
1255,4
1256,0
1257,0
1258,2
1259,2
1260,1
1261,3
1262,1
1263,3
1264,5
1265,4
1266,5
1267,1
1268,0
1269,1
1270,1
1271,4
1272,3
1273,2
1274,1
1275,2
1276,0
1277,3
1278,3
1279,2
1280,0
1281,1
1282,2
1283,2
1284,4
1285,3
1286,4
1287,0
1288,5
1289,0
1290,0
1291,2
1292,1
1293,2
1294,4
1295,3
1296,1
1297,1
1298,1
1299,1
1300,1
1301,1
1302,0
1303,3
1304,0
1305,3
1306,5
1307,2
1308,5
1309,0
1310,1
1311,1
1312,0
1313,3
1314,5
1315,3
1316,0
1317,1
1318,0
1319,1
1320,2
1321,3
1322,5
1323,0
1324,3
1325,2
1326,3
1327,5
1328,3
1329,1
1330,2
1331,0
1332,4
1333,5
1334,3
1335,0
1336,1
1337,5
1338,2
1339,2
1340,4
1341,4
1342,3
1343,0
1344,2
1345,1
1346,0
1347,0
1348,1
1349,5
1350,5
1351,1
1352,4
1353,5
1354,5
1355,0
1356,5
1357,3
1358,4
1359,0
1360,1
1361,3
1362,0
1363,0
1364,1
1365,2
1366,0
1367,2
1368,0
1369,0
1370,0
1371,5
1372,3
1373,0
1374,0
1375,1
1376,2
1377,0
1378,1
1379,5
1380,5
1381,4
1382,5
1383,3
1384,3
1385,5
1386,0
1387,1
1388,3
1389,5
1390,3
1391,0
1392,3
1393,1
1394,0
1395,2
1396,1
1397,3
1398,0
1399,0
1400,1
1401,0
1402,1
1403,1
1404,4
1405,2
1406,5
1407,2
1408,3
1409,5
1410,4
1411,4
1412,2
1413,3
1414,1
1415,0
1416,5
1417,4
1418,2
1419,1
1420,3
1421,5
1422,5
1423,4
1424,1
1425,4
1426,4
1427,4
1428,3
1429,0
1430,1
1431,0
1432,3
1433,4
1434,0
1435,0
1436,5
1437,1
1438,4
1439,0
1440,5
1441,5
1442,1
1443,2
1444,4
1445,3
1446,2
1447,0
1448,1
1449,3
1450,1
1451,1
1452,1
1453,5
1454,2
1455,4
1456,3
1457,1
1458,2
1459,0
1460,4
1461,3
1462,4
1463,5
1464,2
1465,3
1466,4
1467,1
1468,1
1469,4
1470,5
1471,3
1472,0
1473,2
1474,2
1475,0
1476,5
1477,2
1478,3
1479,4
1480,2
1481,5
1482,2
1483,4
1484,1
1485,0
1486,1
1487,2
1488,1
1489,0
1490,0
1491,3
1492,5
1493,4
1494,4
1495,2
1496,4
1497,5
1498,5
1499,0
1500,0
1501,5
1502,1
1503,0
1504,4
1505,1
1506,3
1507,0
1508,2
1509,3
1510,1
1511,3
1512,1
1513,3
1514,1
1515,1
1516,2
1517,1
1518,4
1519,1
1520,1
1521,2
1522,2
1523,2
1524,4
1525,4
1526,1
1527,1
1528,2
1529,3
1530,3
1531,0
1532,4
1533,5
1534,3
1535,3
1536,2
1537,4
1538,0
1539,3
1540,4
1541,1
1542,2
1543,4
1544,1
1545,1
1546,2
1547,1
1548,3
1549,4
1550,2
1551,2
1552,4
1553,4
1554,0
1555,1
1556,1
1557,0
1558,4
1559,5
1560,0
1561,4
1562,4
1563,4
1564,2
1565,3
1566,5
1567,3
1568,5
1569,2
1570,2
1571,2
1572,0
1573,5
1574,1
1575,2
1576,3
1577,3
1578,4
1579,4
1580,3
1581,0
1582,0
1583,3
1584,5
1585,3
1586,5
1587,4
1588,5
1589,0
1590,4
1591,1
1592,2
1593,3
1594,4
1595,4
1596,1
1597,2
1598,3
1599,1
1600,1
1601,0
1602,1
1603,4
1604,4
1605,2
1606,3
1607,5
1608,4
1609,4
1610,2
1611,3
1612,1
1613,5
1614,0
1615,0
1616,2
1617,0
1618,2
1619,2
1620,1
1621,1
1622,0
1623,0
1624,1
1625,5
1626,0
1627,2
1628,0
1629,0
1630,3
1631,5
1632,5
1633,5
1634,0
1635,2
1636,5
1637,0
1638,4
1639,2
1640,2
1641,4
1642,2
1643,3
1644,3
1645,5
1646,2
1647,3
1648,0
1649,0
1650,4
1651,2
1652,1
1653,4
1654,1
1655,2
1656,1
1657,1
1658,3
1659,1
1660,5
1661,4
1662,2
1663,5
1664,4
1665,1
1666,2
1667,0
1668,0
1669,1
1670,2
1671,2
1672,0
1673,5
1674,2
1675,3
1676,0
1677,0
1678,0
1679,0
1680,2
1681,4
1682,2
1683,2
1684,3
1685,4
1686,1
1687,2
1688,4
1689,4
1690,1
1691,0
1692,0
1693,1
1694,2
1695,0
1696,3
1697,0
1698,5
1699,2
1700,0
1701,3
1702,0
1703,3
1704,4
1705,0
1706,0
1707,1
1708,2
1709,3
1710,1
1711,2
1712,2
1713,4
1714,3
1715,1
1716,5
1717,4
1718,4
1719,1
1720,5
1721,2
1722,2
1723,4
1724,1
1725,5
1726,0
1727,3
1728,4
1729,3
1730,1
1731,5
1732,4
1733,5
1734,3
1735,5
1736,4
1737,1
1738,1
1739,0
1740,4
1741,1
1742,0
1743,1
1744,1
1745,3
1746,4
1747,4
1748,5
1749,5
1750,4
1751,1
1752,1
1753,4
1754,2
1755,1
1756,3
1757,4
1758,2
1759,4
1760,2
1761,0
1762,1
1763,1
1764,1
1765,0
1766,3
1767,0
1768,0
1769,4
1770,0
1771,2
1772,2
1773,5
1774,4
1775,3
1776,0
1777,4
1778,2
1779,3
1780,3
1781,5
1782,5
1783,3
1784,1
1785,1
1786,5
1787,4
1788,1
1789,1
1790,1
1791,5
1792,1
1793,4
1794,5
1795,2
1796,4
1797,4
1798,5
1799,0
1800,1
1801,1
1802,5
1803,0
1804,2
1805,5
1806,4
1807,0
1808,2
1809,1
1810,3
1811,3
1812,0
1813,5
1814,1
1815,4
1816,2
1817,3
1818,0
1819,3
1820,3
1821,3
1822,4
1823,5
1824,4
1825,3
1826,2
1827,3
1828,4
1829,3
1830,2
1831,0
1832,0
1833,2
1834,0
1835,3
1836,5
1837,0
1838,3
1839,3
1840,5
1841,0
1842,1
1843,5
1844,2
1845,4
1846,0
1847,3
1848,1
1849,2
1850,3
1851,1
1852,0
1853,2
1854,1
1855,1
1856,1
1857,2
1858,5
1859,0
1860,2
1861,2
1862,2
1863,5
1864,4
1865,4
1866,4
1867,3
1868,0
1869,3
1870,3
1871,4
1872,0
1873,5
1874,4
1875,1
1876,0
1877,4
1878,3
1879,1
1880,5
1881,3
1882,2
1883,3
1884,0
1885,4
1886,0
1887,2
1888,2
1889,3
1890,3
1891,4
1892,1
1893,4
1894,3
1895,1
1896,0
1897,0
1898,5
1899,2
1900,1
1901,1
1902,1
1903,2
1904,5
1905,4
1906,2
1907,3
1908,1
1909,2
1910,0
1911,3
1912,0
1913,4
1914,0
1915,5
1916,2
1917,0
1918,4
1919,1
1920,3
1921,3
1922,2
1923,0
1924,4
1925,3
1926,4
1927,4
1928,4
1929,0
1930,2
1931,3
1932,3
1933,5
1934,4
1935,0
1936,1
1937,0
1938,2
1939,3
1940,5
1941,1
1942,3
1943,5
1944,2
1945,4
1946,0
1947,2
1948,0
1949,3
1950,5
1951,1
1952,5
1953,0
1954,4
1955,1
1956,0
1957,1
1958,2
1959,5
1960,5
1961,1
1962,4
1963,1
1964,1
1965,2
1966,5
1967,1
1968,3
1969,0
1970,0
1971,0
1972,4
1973,2
1974,0
1975,2
1976,4
1977,5
1978,2
1979,0
1980,2
1981,0
1982,0
1983,5
1984,3
1985,4
1986,5
1987,0
1988,1
1989,4
1990,3
1991,5
1992,1
1993,2
1994,3
1995,4
1996,4
1997,2
1998,5
1999,2
2000,0
2001,2
2002,1
2003,3
2004,0
2005,1
2006,0
2007,1
2008,0
2009,3
2010,5
2011,5
2012,0
2013,1
2014,5
2015,0
2016,3
2017,4
2018,5
2019,3
2020,0
2021,4
2022,2
2023,1
2024,5
2025,4
2026,0
2027,2
2028,3
2029,2
2030,5
2031,3
2032,0
2033,2
2034,1
2035,0
2036,4
2037,0
2038,1
2039,2
2040,0
2041,5
2042,3
2043,3
2044,4
2045,1
2046,3
2047,1
2048,3
2049,2
2050,2
2051,5
2052,0
2053,2
2054,3
2055,4
2056,5
2057,3
2058,0
2059,3
2060,5
2061,1
2062,2
2063,2
2064,4
2065,1
2066,0
2067,3
2068,2
2069,2
2070,0
2071,0
2072,0
2073,2
2074,0
2075,0
2076,0
2077,0
2078,3
2079,0
2080,0
2081,1
2082,3
2083,3
2084,4
2085,0
2086,0
2087,2
2088,3
2089,5
2090,5
2091,0
2092,5
2093,3
2094,1
2095,4
2096,0
2097,0
2098,3
2099,1
2100,0
2101,5
2102,0
2103,1
2104,2
2105,1
2106,3
2107,1
2108,2
2109,3
2110,1
2111,1
2112,2
2113,3
2114,4
2115,0
2116,1
2117,4
2118,5
2119,0
2120,5
2121,0
2122,2
2123,3
2124,3
2125,1
2126,4
2127,1
2128,2
2129,4
2130,1
2131,0
2132,2
2133,2
2134,5
2135,4
2136,1
2137,5
2138,3
2139,5
2140,3
2141,4
2142,1
2143,2
2144,3
2145,4
2146,5
2147,2
2148,1
2149,2
2150,0
2151,0
2152,1
2153,4
2154,3
2155,2
2156,4
2157,3
2158,5
2159,3
2160,5
2161,2
2162,2
2163,0
2164,1
2165,4
2166,1
2167,0
2168,0
2169,0
2170,3
2171,3
2172,1
2173,3
2174,4
2175,2
2176,1
2177,2
2178,3
2179,3
2180,4
2181,3
2182,3
2183,5
2184,2
2185,2
2186,2
2187,2
2188,0
2189,4
2190,0
2191,2
2192,0
2193,4
2194,3
2195,2
2196,5
2197,1
2198,0
2199,2
2200,5
2201,0
2202,5
2203,1
2204,3
2205,1
2206,0
2207,5
2208,1
2209,3
2210,3
2211,0
2212,5
2213,4
2214,4
2215,4
2216,4
2217,2
2218,4
2219,3
2220,0
2221,0
2222,0
2223,4
2224,0
2225,1
2226,3
2227,1
2228,3
2229,0
2230,4
2231,4
2232,1
2233,5
2234,3
2235,3
2236,5
2237,2
2238,3
2239,5
2240,2
2241,0
2242,2
2243,0
2244,1
2245,5
2246,2
2247,1
2248,5
2249,0
2250,5
2251,3
2252,0
2253,2
2254,0
2255,2
2256,3
2257,5
2258,2
2259,2
2260,4
2261,3
2262,4
2263,5
2264,5
2265,5
2266,4
2267,0
2268,5
2269,4
2270,3
2271,4
2272,3
2273,4
2274,0
2275,4
2276,2
2277,4
2278,0
2279,1
2280,0
2281,0
2282,1
2283,1
2284,5
2285,0
2286,5
2287,3
2288,0
2289,4
2290,2
2291,1
2292,0
2293,2
2294,1
2295,2
2296,2
2297,5
2298,4
2299,0
2300,5
2301,0
2302,1
2303,5
2304,2
2305,1
2306,1
2307,5
2308,3
2309,5
2310,1
2311,4
2312,0
2313,1
2314,5
2315,5
2316,2
2317,4
2318,2
2319,0
2320,5
2321,1
2322,2
2323,0
2324,1
2325,1
2326,0
2327,2
2328,3
2329,2
2330,1
2331,2
2332,3
2333,3
2334,0
2335,1
2336,2
2337,2
2338,5
2339,3
2340,3
2341,3
2342,3
2343,1
2344,5
2345,1
2346,1
2347,1
2348,4
2349,2
2350,1
2351,3
2352,0
2353,3
2354,4
2355,4
2356,5
2357,5
2358,4
2359,2
2360,2
2361,2
2362,4
2363,3
2364,0
2365,1
2366,2
2367,2
2368,5
2369,0
2370,1
2371,2
2372,5
2373,0
2374,3
2375,3
2376,4
2377,0
2378,3
2379,4
2380,2
2381,0
2382,1
2383,2
2384,3
2385,5
2386,3
2387,4
2388,1
2389,5
2390,4
2391,0
2392,1
2393,2
2394,4
2395,1
2396,5
2397,1
2398,5
2399,0
2400,4
2401,5
2402,5
2403,2
2404,2
2405,1
2406,1
2407,2
2408,5
2409,2
2410,1
2411,1
2412,0
2413,0
2414,0
2415,1
2416,3
2417,0
2418,2
2419,0
2420,4
2421,1
2422,5
2423,1
2424,3
2425,0
2426,1
2427,4
2428,0
2429,0
2430,4
2431,1
2432,4
2433,2
2434,1
2435,0
2436,0
2437,0
2438,1
2439,2
2440,0
2441,4
2442,0
2443,0
2444,4
2445,0
2446,0
2447,2
2448,5
2449,0
2450,1
2451,2
2452,3
2453,1
2454,0
2455,4
2456,2
2457,1
2458,5
2459,2
2460,1
2461,0
2462,1
2463,1
2464,1
2465,0
2466,3
2467,4
2468,1
2469,5
2470,5
2471,4
2472,1
2473,2
2474,2
2475,0
2476,0
2477,2
2478,5
2479,4
2480,4
2481,2
2482,1
2483,5
2484,1
2485,1
2486,3
2487,4
2488,0
2489,5
2490,5
2491,4
2492,2
2493,1
2494,2
2495,2
2496,4
2497,5
2498,1
2499,3
2500,3
2501,0
2502,0
2503,2
2504,0
2505,4
2506,0
2507,2
2508,4
2509,0
2510,2
2511,0
2512,5
2513,5
2514,4
2515,1
2516,1
2517,1
2518,0
2519,1
2520,5
2521,2
2522,1
2523,2
2524,0
2525,3
2526,5
2527,4
2528,3
2529,2
2530,4
2531,3
2532,4
2533,0
2534,0
2535,3
2536,3
2537,1
2538,1
2539,4
2540,2
2541,3
2542,4
2543,5
2544,1
2545,4
2546,3
2547,3
2548,0
2549,5
2550,1
2551,2
2552,2
2553,0
2554,5
2555,0
2556,3
2557,3
2558,5
2559,3
2560,0
2561,0
2562,5
2563,1
2564,3
2565,2
2566,4
2567,2
2568,0
2569,0
2570,0
2571,1
2572,1
2573,5
2574,5
2575,3
2576,2
2577,4
2578,1
2579,1
2580,0
2581,5
2582,3
2583,4
2584,2
2585,4
2586,1
2587,0
2588,0
2589,2
2590,1
2591,4
2592,3
2593,5
2594,0
2595,2
2596,2
2597,4
2598,0
2599,0
2600,0
2601,3
2602,3
2603,1
2604,1
2605,5
2606,3
2607,0
2608,1
2609,3
2610,1
2611,1
2612,0
2613,3
2614,5
2615,5
2616,2
2617,4
2618,3
2619,1
2620,0
2621,2
2622,4
2623,4
2624,1
2625,5
2626,2
2627,5
2628,4
2629,5
2630,3
2631,0
2632,0
2633,5
2634,1
2635,4
2636,1
2637,4
2638,3
2639,1
2640,2
2641,0
2642,4
2643,5
2644,3
2645,4
2646,2
2647,4
2648,4
2649,0
2650,2
2651,0
2652,1
2653,0
2654,1
2655,5
2656,0
2657,1
2658,2
2659,3
2660,2
2661,5
2662,1
2663,3
2664,1
2665,5
2666,3
2667,5
2668,0
2669,0
2670,3
2671,5
2672,2
2673,4
2674,1
2675,1
2676,4
2677,4
2678,3
2679,3
2680,3
2681,2
2682,1
2683,0
2684,0
2685,3
2686,3
2687,0
2688,3
2689,0
2690,0
2691,5
2692,0
2693,3
2694,1
2695,3
2696,3
2697,3
2698,1
2699,0
2700,1
2701,0
2702,5
2703,2
2704,5
2705,4
2706,1
2707,1
2708,3
2709,5
2710,0
2711,2
2712,0
2713,4
2714,4
2715,3
2716,3
2717,0
2718,0
2719,5
2720,0
2721,4
2722,3
2723,3
2724,2
2725,3
2726,4
2727,5
2728,4
2729,4
2730,3
2731,1
2732,3
2733,3
2734,2
2735,1
2736,2
2737,1
2738,4
2739,2
2740,5
2741,0
2742,3
2743,1
2744,5
2745,3
2746,0
2747,2
2748,0
2749,4
2750,1
2751,0
2752,1
2753,3
2754,2
2755,4
2756,1
2757,3
2758,2
2759,5
2760,1
2761,1
2762,5
2763,4
2764,3
2765,3
2766,5
2767,1
2768,4
2769,5
2770,2
2771,2
2772,5
2773,3
2774,2
2775,1
2776,1
2777,2
2778,0
2779,2
2780,2
2781,0
2782,0
2783,0
2784,2
2785,1
2786,0
2787,3
2788,5
2789,4
2790,0
2791,5
2792,1
2793,1
2794,1
2795,3
2796,1
2797,0
2798,3
2799,1
2800,0
2801,0
2802,1
2803,0
2804,0
2805,3
2806,3
2807,0
2808,5
2809,0
2810,2
2811,3
2812,4
2813,2
2814,3
2815,4
2816,0
2817,2
2818,1
2819,3
2820,1
2821,0
2822,3
2823,2
2824,5
2825,2
2826,1
2827,0
2828,0
2829,4
2830,4
2831,4
2832,2
2833,0
2834,1
2835,5
2836,4
2837,3
2838,1
2839,5
2840,2
2841,0
2842,2
2843,5
2844,5
2845,2
2846,3
2847,2
2848,3
2849,0
2850,3
2851,0
2852,5
2853,2
2854,0
2855,3
2856,2
2857,0
2858,2
2859,2
2860,2
2861,4
2862,0
2863,1
2864,0
2865,2
2866,3
2867,5
2868,0
2869,2
2870,2
2871,1
2872,5
2873,0
2874,1
2875,4
2876,0
2877,4
2878,4
2879,0
2880,1
2881,2
2882,0
2883,2
2884,0
2885,1
2886,0
2887,0
2888,5
2889,1
2890,3
2891,4
2892,1
2893,4
2894,3
2895,2
2896,2
2897,4
2898,3
2899,3
2900,1
2901,1
2902,0
2903,4
2904,1
2905,0
2906,1
2907,0
2908,2
2909,0
2910,5
2911,1
2912,5
2913,2
2914,4
2915,0
2916,4
2917,4
2918,3
2919,1
2920,3
2921,0
2922,0
2923,0
2924,0
2925,2
2926,0
2927,2
2928,1
2929,2
2930,0
2931,3
2932,1
2933,4
2934,0
2935,5
2936,5
2937,0
2938,5
2939,1
2940,0
2941,1
2942,4
2943,4
2944,0
2945,3
2946,2
2947,5
2948,3
2949,0
2950,3
2951,0
2952,0
2953,0
2954,4
2955,1
2956,1
2957,0
2958,0
2959,2
2960,3
2961,0
2962,0
2963,1
2964,2
2965,4
2966,2
2967,3
2968,2
2969,2
2970,2
2971,0
2972,4
2973,3
2974,0
2975,2
2976,1
2977,3
2978,5
2979,2
2980,1
2981,0
2982,5
2983,2
2984,3
2985,3
2986,4
2987,2
2988,3
2989,3
2990,4
2991,2
2992,4
2993,0
2994,3
2995,0
2996,0
2997,1
2998,0
2999,0
3000,4
3001,1
3002,3
3003,0
3004,3
3005,1
3006,1
3007,1
3008,2
3009,2
3010,0
3011,1
3012,1
3013,3
3014,0
3015,4
3016,1
3017,4
3018,2
3019,4
3020,2
3021,0
3022,2
3023,5
3024,1
3025,2
3026,3
3027,1
3028,0
3029,4
3030,4
3031,0
3032,4
3033,0
3034,0
3035,1
3036,0
3037,1
3038,1
3039,1
3040,1
3041,0
3042,0
3043,5
3044,5
3045,0
3046,0
3047,0
3048,2
3049,1
3050,3
3051,0
3052,2
3053,3
3054,0
3055,1
3056,1
3057,0
3058,5
3059,0
3060,0
3061,4
3062,4
3063,4
3064,1
3065,4
3066,4
3067,4
3068,0
3069,1
3070,5
3071,3
3072,1
3073,3
3074,3
3075,4
3076,1
3077,3
3078,5
3079,0
3080,1
3081,0
3082,0
3083,2
3084,0
3085,5
3086,4
3087,1
3088,4
3089,4
3090,4
3091,1
3092,4
3093,0
3094,2
3095,0
3096,3
3097,0
3098,4
3099,5
3100,0
3101,4
3102,1
3103,0
3104,4
3105,0
3106,5
3107,5
3108,1
3109,3
3110,5
3111,1
3112,5
3113,5
3114,2
3115,1
3116,0
3117,2
3118,3
3119,0
3120,4
3121,2
3122,1
3123,1
3124,0
3125,2
3126,4
3127,4
3128,5
3129,5
3130,5
3131,4
3132,1
3133,5
3134,5
3135,2
3136,3
3137,5
3138,4
3139,5
3140,5
3141,2
3142,4
3143,4
3144,4
3145,3
3146,2
3147,0
3148,2
3149,3
3150,2
3151,0
3152,1
3153,4
3154,1
3155,0
3156,1
3157,2
3158,4
3159,5
3160,1
3161,4
3162,1
3163,4
3164,1
3165,1
3166,2
3167,2
3168,0
3169,3
3170,2
3171,0
3172,2
3173,4
3174,1
3175,1
3176,4
3177,1
3178,0
3179,2
3180,4
3181,1
3182,4
3183,3
3184,3
3185,0
3186,4
3187,5
3188,3
3189,2
3190,4
3191,3
3192,1
3193,2
3194,5
3195,4
3196,1
3197,3
3198,3
3199,1
3200,0
3201,4
3202,3
3203,0
3204,5
3205,3
3206,1
3207,3
3208,1
3209,5
3210,5
3211,0
3212,4
3213,3
3214,0
3215,0
3216,4
3217,3
3218,0
3219,3
3220,0
3221,0
3222,1
3223,4
3224,5
3225,1
3226,3
3227,3
3228,4
3229,1
3230,3
3231,0
3232,5
3233,4
3234,3
3235,5
3236,1
3237,5
3238,5
3239,5
3240,1
3241,3
3242,2
3243,4
3244,0
3245,1
3246,0
3247,1
3248,0
3249,2
3250,3
3251,0
3252,3
3253,0
3254,3
3255,2
3256,0
3257,3
3258,2
3259,0
3260,4
3261,0
3262,0
3263,2
3264,0
3265,0
3266,4
3267,3
3268,0
3269,0
3270,2
3271,4
3272,1
3273,5
3274,3
3275,3
3276,1
3277,4
3278,0
3279,4
3280,0
3281,4
3282,0
3283,0
3284,1
3285,5
3286,0
3287,4
3288,4
3289,4
3290,1
3291,0
3292,2
3293,1
3294,5
3295,2
3296,3
3297,0
3298,3
3299,2
3300,1
3301,3
3302,1
3303,4
3304,0
3305,1
3306,3
3307,5
3308,2
3309,1
3310,5
3311,0
3312,1
3313,0
3314,2
3315,0
3316,3
3317,2
3318,5
3319,1
3320,4
3321,0
3322,3
3323,2
3324,2
3325,4
3326,5
3327,1
3328,3
3329,2
3330,1
3331,1
3332,0
3333,3
3334,0
3335,5
3336,2
3337,3
3338,0
3339,1
3340,3
3341,5
3342,0
3343,0
3344,4
3345,1
3346,2
3347,5
3348,1
3349,4
3350,0
3351,0
3352,5
3353,5
3354,0
3355,1
3356,2
3357,5
3358,0
3359,1
3360,2
3361,1
3362,3
3363,5
3364,0
3365,4
3366,5
3367,1
3368,1
3369,2
3370,2
3371,5
3372,4
3373,4
3374,2
3375,2
3376,3
3377,0
3378,0
3379,5
3380,0
3381,5
3382,4
3383,4
3384,5
3385,4
3386,5
3387,3
3388,0
3389,1
3390,5
3391,4
3392,0
3393,2
3394,2
3395,4
3396,4
3397,5
3398,1
3399,3
3400,0
3401,4
3402,3
3403,0
3404,0
3405,2
3406,5
3407,4
3408,4
3409,4
3410,4
3411,1
3412,2
3413,3
3414,0
3415,4
3416,5
3417,0
3418,2
3419,1
3420,4
3421,5
3422,1
3423,5
3424,4
3425,2
3426,3
3427,2
3428,4
3429,5
3430,3
3431,0
3432,0
3433,3
3434,1
3435,3
3436,0
3437,2
3438,2
3439,0
3440,0
3441,0
3442,5
3443,3
3444,1
3445,2
3446,1
3447,2
3448,1
3449,1
3450,0
3451,2
3452,3
3453,5
3454,0
3455,4
3456,0
3457,4
3458,3
3459,0
3460,1
3461,0
3462,3
3463,0
3464,2
3465,4
3466,3
3467,0
3468,5
3469,0
3470,1
3471,3
3472,1
3473,4
3474,4
3475,1
3476,3
3477,3
3478,2
3479,5
3480,1
3481,5
3482,0
3483,5
3484,1
3485,5
3486,3
3487,0
3488,2
3489,0
3490,5
3491,2
3492,2
3493,3
3494,5
3495,0
3496,2
3497,0
3498,4
3499,3
3500,0
3501,2
3502,3
3503,4
3504,0
3505,0
3506,3
3507,0
3508,3
3509,0
3510,1
3511,0
3512,3
3513,2
3514,4
3515,2
3516,2
3517,5
3518,1
3519,4
3520,5
3521,3
3522,4
3523,4
3524,1
3525,3
3526,0
3527,2
3528,1
3529,0
3530,2
3531,1
3532,5
3533,3
3534,0
3535,2
3536,5
3537,3
3538,4
3539,2
3540,3
3541,3
3542,2
3543,3
3544,5
3545,4
3546,4
3547,5
3548,3
3549,1
3550,2
3551,3
3552,1
3553,1
3554,0
3555,0
3556,4
3557,0
3558,5
3559,3
3560,2
3561,1
3562,1
3563,0
3564,3
3565,1
3566,0
3567,2
3568,5
3569,4
3570,0
3571,0
3572,0
3573,0
3574,1
3575,0
3576,4
3577,5
3578,3
3579,2
3580,1
3581,1
3582,0
3583,3
3584,1
3585,0
3586,0
3587,5
3588,3
3589,1
3590,4
3591,0
3592,3
3593,2
3594,3
3595,0
3596,2
3597,5
3598,2
3599,3
3600,4
3601,1
3602,5
3603,5
3604,4
3605,5
3606,0
3607,5
3608,0
3609,2
3610,4
3611,4
3612,2
3613,3
3614,0
3615,4
3616,5
3617,5
3618,2
3619,1
3620,0
3621,0
3622,0
3623,4
3624,2
3625,2
3626,2
3627,2
3628,5
3629,0
3630,1
3631,3
3632,4
3633,4
3634,4
3635,3
3636,5
3637,0
3638,4
3639,2
3640,4
3641,4
3642,0
3643,0
3644,5
3645,5
3646,1
3647,0
3648,2
3649,0
3650,0
3651,2
3652,4
3653,5
3654,5
3655,5
3656,5
3657,0
3658,1
3659,4
3660,2
3661,3
3662,0
3663,2
3664,0
3665,0
3666,0
3667,0
3668,5
3669,2
3670,0
3671,0
3672,1
3673,5
3674,5
3675,0
3676,2
3677,0
3678,5
3679,2
3680,1
3681,5
3682,4
3683,4
3684,3
3685,0
3686,2
3687,1
3688,2
3689,4
3690,5
3691,0
3692,1
3693,4
3694,5
3695,3
3696,2
3697,0
3698,3
3699,4
3700,1
3701,0
3702,1
3703,2
3704,1
3705,5
3706,1
3707,0
3708,3
3709,1
3710,5
3711,2
3712,0
3713,5
3714,0
3715,3
3716,5
3717,1
3718,3
3719,1
3720,0
3721,5
3722,0
3723,2
3724,5
3725,1
3726,0
3727,2
3728,0
3729,0
3730,1
3731,1
3732,3
3733,3
3734,2
3735,5
3736,0
3737,1
3738,2
3739,3
3740,3
3741,5
3742,3
3743,4
3744,3
3745,5
3746,4
3747,5
3748,0
3749,2
3750,4
3751,0
3752,1
3753,2
3754,3
3755,3
3756,5
3757,3
3758,3
3759,2
3760,1
3761,4
3762,4
3763,0
3764,3
3765,3
3766,2
3767,3
3768,3
3769,0
3770,0
3771,2
3772,3
3773,4
3774,4
3775,5
3776,4
3777,3
3778,5
3779,4
3780,5
3781,3
3782,4
3783,2
3784,5
3785,4
3786,0
3787,1
3788,3
3789,5
3790,4
3791,2
3792,1
3793,0
3794,3
3795,4
3796,1
3797,2
3798,0
3799,0
3800,0
3801,1
3802,0
3803,5
3804,3
3805,3
3806,3
3807,2
3808,1
3809,3
3810,0
3811,4
3812,0
3813,1
3814,1
3815,2
3816,2
3817,2
3818,0
3819,5
3820,4
3821,3
3822,5
3823,1
3824,2
3825,0
3826,5
3827,1
3828,2
3829,1
3830,5
3831,3
3832,0
3833,5
3834,3
3835,1
3836,3
3837,1
3838,3
3839,1
3840,1
3841,1
3842,3
3843,4
3844,5
3845,4
3846,3
3847,2
3848,1
3849,5
3850,1
3851,4
3852,1
3853,2
3854,3
3855,4
3856,0
3857,1
3858,5
3859,3
3860,4
3861,0
3862,5
3863,1
3864,3
3865,3
3866,5
3867,1
3868,0
3869,0
3870,3
3871,1
3872,0
3873,2
3874,1
3875,3
3876,0
3877,3
3878,0
3879,0
3880,3
3881,0
3882,3
3883,1
3884,3
3885,3
3886,5
3887,2
3888,3
3889,4
3890,4
3891,2
3892,0
3893,0
3894,4
3895,0
3896,0
3897,4
3898,2
3899,4
3900,5
3901,4
3902,2
3903,0
3904,1
3905,4
3906,0
3907,4
3908,3
3909,2
3910,0
3911,2
3912,0
3913,5
3914,4
3915,3
3916,0
3917,2
3918,3
3919,2
3920,1
3921,0
3922,3
3923,3
3924,3
3925,3
3926,2
3927,3
3928,4
3929,3
3930,1
3931,3
3932,5
3933,1
3934,4
3935,0
3936,2
3937,1
3938,2
3939,4
3940,3
3941,0
3942,1
3943,4
3944,4
3945,3
3946,0
3947,0
3948,0
3949,4
3950,2
3951,5
3952,0
3953,0
3954,1
3955,0
3956,5
3957,0
3958,0
3959,0
3960,0
3961,2
3962,4
3963,1
3964,2
3965,3
3966,3
3967,5
3968,4
3969,5
3970,3
3971,2
3972,0
3973,0
3974,5
3975,3
3976,0
3977,0
3978,5
3979,2
3980,0
3981,3
3982,2
3983,4
3984,1
3985,5
3986,4
3987,2
3988,1
3989,1
3990,5
3991,3
3992,1
3993,5
3994,4
3995,0
3996,4
3997,0
3998,2
3999,1
4000,0
4001,4
4002,0
4003,3
4004,3
4005,0
4006,5
4007,1
4008,4
4009,3
4010,4
4011,3
4012,4
4013,5
4014,3
4015,5
4016,0
4017,3
4018,0
4019,2
4020,2
4021,1
4022,5
4023,0
4024,2
4025,4
4026,1
4027,4
4028,5
4029,3
4030,5
4031,0
4032,2
4033,1
4034,3
4035,4
4036,4
4037,3
4038,5
4039,1
4040,0
4041,0
4042,2
4043,1
4044,0
4045,4
4046,2
4047,5
4048,0
4049,1
4050,0
4051,2
4052,0
4053,4
4054,1
4055,5
4056,4
4057,1
4058,3
4059,2
4060,2
4061,2
4062,2
4063,3
4064,2
4065,3
4066,2
4067,2
4068,4
4069,0
4070,0
4071,1
4072,5
4073,1
4074,5
4075,2
4076,0
4077,4
4078,0
4079,2
4080,3
4081,4
4082,4
4083,5
4084,2
4085,5
4086,5
4087,2
4088,2
4089,2
4090,3
4091,3
4092,0
4093,1
4094,3
4095,4
4096,5
4097,0
4098,3
4099,2
4100,5
4101,5
4102,0
4103,0
4104,0
4105,0
4106,0
4107,0
4108,2
4109,2
4110,4
4111,3
4112,0
4113,2
4114,5
4115,3
4116,0
4117,4
4118,5
4119,1
4120,1
4121,2
4122,1
4123,4
4124,2
4125,3
4126,3
4127,3
4128,3
4129,1
4130,4
4131,4
4132,5
4133,1
4134,0
4135,5
4136,3
4137,3
4138,4
4139,5
4140,5
4141,5
4142,5
4143,4
4144,4
4145,2
4146,5
4147,1
4148,3
4149,1
4150,2
4151,5
4152,3
4153,0
4154,2
4155,5
4156,2
4157,3
4158,0
4159,4
4160,1
4161,0
4162,0
4163,1
4164,3
4165,2
4166,5
4167,4
4168,5
4169,4
4170,3
4171,4
4172,5
4173,1
4174,1
4175,0
4176,0
4177,1
4178,2
4179,5
4180,5
4181,0
4182,4
4183,2
4184,1
4185,0
4186,3
4187,3
4188,0
4189,4
4190,5
4191,0
4192,2
4193,3
4194,2
4195,0
4196,3
4197,0
4198,2
4199,1
4200,2
4201,5
4202,1
4203,2
4204,0
4205,4
4206,4
4207,0
4208,0
4209,0
4210,2
4211,5
4212,1
4213,1
4214,3
4215,1
4216,1
4217,0
4218,1
4219,3
4220,2
4221,2
4222,0
4223,0
4224,2
4225,0
4226,4
4227,2
4228,3
4229,3
4230,5
4231,5
4232,1
4233,4
4234,4
4235,3
4236,3
4237,1
4238,0
4239,3
4240,0
4241,2
4242,0
4243,3
4244,4
4245,5
4246,0
4247,1
4248,2
4249,3
4250,4
4251,0
4252,1
4253,2
4254,3
4255,1
4256,0
4257,2
4258,3
4259,0
4260,3
4261,5
4262,0
4263,1
4264,1
4265,5
4266,4
4267,1
4268,5
4269,0
4270,3
4271,0
4272,1
4273,4
4274,2
4275,2
4276,4
4277,2
4278,4
4279,1
4280,4
4281,0
4282,3
4283,4
4284,0
4285,2
4286,0
4287,1
4288,3
4289,3
4290,1
4291,4
4292,3
4293,1
4294,4
4295,1
4296,5
4297,0
4298,1
4299,3
4300,1
4301,4
4302,1
4303,0
4304,1
4305,2
4306,2
4307,0
4308,5
4309,3
4310,0
4311,0
4312,2
4313,0
4314,1
4315,5
4316,2
4317,5
4318,5
4319,0
4320,4
4321,5
4322,2
4323,2
4324,3
4325,5
4326,4
4327,5
4328,5
4329,0
4330,3
4331,2
4332,0
4333,4
4334,2
4335,0
4336,1
4337,1
4338,1
4339,3
4340,3
4341,2
4342,5
4343,4
4344,1
4345,0
4346,0
4347,0
4348,0
4349,5
4350,0
4351,0
4352,0
4353,0
4354,0
4355,0
4356,0
4357,4
4358,5
4359,0
4360,0
4361,5
4362,4
4363,0
4364,0
4365,0
4366,0
4367,5
4368,3
4369,1
4370,3
4371,4
4372,0
4373,4
4374,3
4375,4
4376,5
4377,1
4378,4
4379,5
4380,5
4381,4
4382,4
4383,0
4384,3
4385,4
4386,2
4387,1
4388,2
4389,3
4390,3
4391,0
4392,1
4393,1
4394,3
4395,1
4396,0
4397,0
4398,1
4399,2
4400,1
4401,3
4402,4
4403,0
4404,4
4405,2
4406,0
4407,2
4408,2
4409,2
4410,1
4411,2
4412,1
4413,1
4414,1
4415,2
4416,1
4417,0
4418,4
4419,5
4420,5
4421,4
4422,4
4423,5
4424,3
4425,2
4426,4
4427,5
4428,1
4429,3
4430,5
4431,0
4432,2
4433,0
4434,1
4435,1
4436,5
4437,4
4438,0
4439,4
4440,2
4441,2
4442,5
4443,1
4444,0
4445,2
4446,2
4447,1
4448,1
4449,5
4450,5
4451,3
4452,1
4453,3
4454,5
4455,4
4456,5
4457,1
4458,0
4459,1
4460,1
4461,4
4462,4
4463,1
4464,1
4465,3
4466,0
4467,3
4468,4
4469,0
4470,5
4471,4
4472,4
4473,0
4474,5
4475,5
4476,4
4477,3
4478,1
4479,1
4480,1
4481,2
4482,4
4483,2
4484,0
4485,4
4486,3
4487,1
4488,4
4489,3
4490,4
4491,5
4492,1
4493,3
4494,5
4495,0
4496,5
4497,3
4498,2
4499,0
4500,0
4501,0
4502,3
4503,0
4504,3
4505,2
4506,2
4507,2
4508,1
4509,4
4510,0
4511,1
4512,0
4513,3
4514,2
4515,1
4516,0
4517,1
4518,1
4519,2
4520,4
4521,2
4522,2
4523,0
4524,2
4525,4
4526,0
4527,5
4528,1
4529,1
4530,4
4531,3
4532,3
4533,1
4534,2
4535,3
4536,1
4537,1
4538,3
4539,5
4540,4
4541,4
4542,0
4543,5
4544,2
4545,3
4546,4
4547,4
4548,2
4549,5
4550,5
4551,0
4552,5
4553,2
4554,3
4555,5
4556,2
4557,2
4558,3
4559,3
4560,5
4561,5
4562,4
4563,2
4564,0
4565,0
4566,1
4567,4
4568,1
4569,2
4570,3
4571,4
4572,3
4573,2
4574,0
4575,3
4576,2
4577,1
4578,3
4579,1
4580,0
4581,5
4582,4
4583,1
4584,1
4585,4
4586,1
4587,0
4588,0
4589,2
4590,2
4591,3
4592,4
4593,4
4594,4
4595,1
4596,4
4597,1
4598,2
4599,0
4600,4
4601,5
4602,0
4603,0
4604,5
4605,4
4606,3
4607,2
4608,5
4609,2
4610,5
4611,3
4612,2
4613,1
4614,0
4615,3
4616,5
4617,2
4618,2
4619,4
4620,4
4621,3
4622,4
4623,2
4624,4
4625,4
4626,0
4627,2
4628,2
4629,3
4630,0
4631,4
4632,5
4633,5
4634,1
4635,1
4636,1
4637,2
4638,4
4639,4
4640,3
4641,3
4642,5
4643,5
4644,0
4645,0
4646,4
4647,1
4648,2
4649,0
4650,1
4651,0
4652,4
4653,5
4654,4
4655,4
4656,5
4657,2
4658,1
4659,2
4660,1
4661,3
4662,0
4663,1
4664,2
4665,2
4666,2
4667,0
4668,5
4669,5
4670,2
4671,0
4672,1
4673,2
4674,3
4675,2
4676,3
4677,1
4678,2
4679,0
4680,4
4681,3
4682,0
4683,3
4684,0
4685,3
4686,4
4687,3
4688,2
4689,4
4690,2
4691,4
4692,4
4693,3
4694,3
4695,3
4696,5
4697,1
4698,4
4699,0
4700,3
4701,3
4702,3
4703,3
4704,3
4705,2
4706,2
4707,5
4708,1
4709,4
4710,0
4711,3
4712,0
4713,3
4714,0
4715,0
4716,5
4717,0
4718,4
4719,5
4720,0
4721,3
4722,0
4723,1
4724,2
4725,3
4726,3
4727,1
4728,4
4729,2
4730,3
4731,3
4732,1
4733,0
4734,3
4735,3
4736,3
4737,3
4738,1
4739,0
4740,0
4741,0
4742,2
4743,0
4744,4
4745,1
4746,3
4747,1
4748,4
4749,0
4750,3
4751,5
4752,4
4753,2
4754,4
4755,2
4756,0
4757,0
4758,0
4759,1
4760,3
4761,0
4762,1
4763,2
4764,2
4765,0
4766,0
4767,0
4768,0
4769,5
4770,0
4771,5
4772,0
4773,1
4774,1
4775,2
4776,1
4777,4
4778,3
4779,0
4780,0
4781,5
4782,2
4783,1
4784,0
4785,0
4786,2
4787,5
4788,2
4789,0
4790,0
4791,0
4792,0
4793,1
4794,3
4795,2
4796,2
4797,3
4798,2
4799,0
4800,2
4801,5
4802,1
4803,3
4804,4
4805,4
4806,4
4807,4
4808,4
4809,1
4810,4
4811,0
4812,0
4813,5
4814,3
4815,0
4816,0
4817,5
4818,5
4819,2
4820,0
4821,3
4822,2
4823,0
4824,2
4825,4
4826,5
4827,1
4828,1
4829,2
4830,5
4831,4
4832,4
4833,4
4834,3
4835,5
4836,4
4837,1
4838,3
4839,3
4840,2
4841,5
4842,1
4843,4
4844,4
4845,4
4846,5
4847,2
4848,3
4849,3
4850,4
4851,4
4852,4
4853,4
4854,3
4855,0
4856,4
4857,0
4858,4
4859,0
4860,0
4861,4
4862,4
4863,4
4864,3
4865,0
4866,0
4867,4
4868,5
4869,4
4870,3
4871,1
4872,2
4873,0
4874,4
4875,1
4876,1
4877,1
4878,5
4879,3
4880,5
4881,1
4882,2
4883,2
4884,1
4885,5
4886,2
4887,0
4888,0
4889,1
4890,2
4891,1
4892,2
4893,2
4894,1
4895,5
4896,2
4897,0
4898,0
4899,1
4900,2
4901,0
4902,2
4903,2
4904,4
4905,3
4906,3
4907,0
4908,2
4909,5
4910,2
4911,1
4912,1
4913,1
4914,3
4915,4
4916,1
4917,5
4918,1
4919,0
4920,3
4921,2
4922,4
4923,4
4924,2
4925,5
4926,4
4927,0
4928,3
4929,5
4930,4
4931,2
4932,5
4933,0
4934,3
4935,2
4936,0
4937,4
4938,4
4939,3
4940,2
4941,3
4942,4
4943,4
4944,5
4945,0
4946,4
4947,4
4948,3
4949,2
4950,1
4951,2
4952,1
4953,2
4954,3
4955,4
4956,3
4957,2
4958,0
4959,0
4960,1
4961,4
4962,0
4963,4
4964,4
4965,5
4966,4
4967,3
4968,5
4969,2
4970,5
4971,0
4972,4
4973,4
4974,1
4975,1
4976,1
4977,3
4978,1
4979,0
4980,5
4981,0
4982,5
4983,1
4984,4
4985,5
4986,2
4987,1
4988,0
4989,3
4990,0
4991,4
4992,5
4993,1
4994,0
4995,5
4996,4
4997,4
4998,1
4999,4
5000,0
5001,4
5002,2
5003,5
5004,3
5005,3
5006,3
5007,5
5008,2
5009,1
5010,0
5011,4
5012,2
5013,3
5014,2
5015,5
5016,1
5017,1
5018,5
5019,5
5020,1
5021,1
5022,5
5023,4
5024,3
5025,2
5026,0
5027,0
5028,4
5029,3
5030,3
5031,5
5032,4
5033,2
5034,1
5035,5
5036,0
5037,2
5038,0
5039,1
5040,1
5041,0
5042,0
5043,5
5044,4
5045,4
5046,3
5047,2
5048,0
5049,1
5050,5
5051,3
5052,4
5053,2
5054,1
5055,1
5056,2
5057,5
5058,0
5059,1
5060,0
